ItemID,Stock
SIM GRAN,0
5055796500109,0
5055796500123,0
5055796500130,0
AWEG-14,0
AWEG-16,0
BAEMG,0
5055796522903,0
CH_13191,0
CH_13291,0
5055581628919,0
5055581628926,0
5055581628933,1
5055581632459,0
CH_64323_C,1
CH_64323_F,2
5055581632466,0
CH_64323_O,1
CISH-02,0
5055581632121,0
5055796500260,0
5055796500321,0
5055796500352,1
5055796520824,0
DLDRG-10,1
5055581622412,0
GAMBL,0
5055581625253,0
5055796506545,0
IBOX-19,0
IBOX-37A,0
ISH-13,1
5055796506392,1
ISH-139,0
ISH-158,2
5055796506408,5
ISH-171,0
ISH-176,1
ISH-177,0
5055796506354,4
KBOX-01,0
5055796530847,0
LUBCR,0
LUCKYB-04,1
LUCKYB-05,0
LUCKYB-06,1
LUCOF,0
LUIVB,0
LUMBL,0
401111,0
NSCFW,0
NSDBL,0
NSTUR,0
OB_03714,3
OB_10081_1,1
OB_10081_2,0
5055581625628,0
OB_17802_2,1
OB_27622,0
OB_27722,2
5055071671128,0
OB-266,1
OB-144,2
5060060118270,0
5060060118294,0
5060060118324,0
PUZZ-18,0
5060060127210,0
5055796544653,0
5055796554539,0
5055796554546,0
5055796554560,0
SALT-07,0
SALT-28,0
SALT-29,0
SALT-31,0
SALT-37,0
5060060116016,0
5060060116115,0
5060060116122,0
SG-F4,0
5060060116221,0
5060060116474,0
5060060116245,0
SGVC-09,0
SO_27824,0
SO_34024,0
SO_34624B,0
STARCHI-04,0
5055581615261,0
TB_46913,0
5055581622702,0
TEAK-18,0
TEAKB-14,0
TEAKB-15,0
TEAKB-16,0
VCHERUB-42,1
5055796546121,0
5055796546138,0
5055796546145,0
5055796546152,0
VINTP-10,0
5055796546206,0
5055796546299,0
5055796546329,0
5055796546367,0
5055796546398,0
5055581639496,0
WP_05614,0
5055581639618,0
5055581639052,0
5055581639083,0
5055581639106,0
5055581639113,0
5055581639151,0
5055581638840,0
5055581639366,0
WP_42123,0
5055581644100,0
5055581640164,0
5055581640171,0
WYC-02,0
XOB-12,2
SWA07,0
SWA14,0
5055581637959,0
5055581637980,0
5055516105492,0
WDOLPH-04,0
5055581632480,0
5055071688836,0
5055071688843,0
5055071688898,0
JUTEC-10,0
ZEN-06,0
FU-634-L,0
FU-419-WA,0
5055581602674,4
LFBHSL,10
RECHSL,0
NS23HSL,1
NS34HSL,13
AWFO-02,10
AWFO-05,9
AWFO-11,4
AWFO-12,15
AWFO-13,15
AWFO-15,15
AWFO-23,6
AWFO-31,6
AWFO-67,7
AWFO-69,12
AWFO-71,3
AWFO-72,11
AWFO-74,0
AWFO-75,13
AWFO-76,7
AWFO-82,3
AWFO-83,2
AWFO-84,12
5055581638093,0
5055581638208,0
5055581621804,0
5055581609260,0
TB_14711,2
5055581624980,0
5055581639878,4
5055581633432,4
5055581607112,2
5055581615742,3
OB_02315,0
OO_49814,2
5055581615285,0
5055581622191,0
5055581618767,0
OB_84112,0
5055581615315,0
DELETED ITEM,3
FU-634-L-H,0
FU-617-S-H,0
DE-36_BRN,0
502-BBI-001,0
5055581613106,5
5055581613113,3
5055581613120,4
5055581613137,1
5055581613144,2
5055581613151,14
5055581613168,0
5055581613175,11
5055581613182,7
5055581613199,4
5055581613205,3
5055581613212,1
5055581637713,6
5055581613090,1
5055581613083,0
5055581613076,0
5055581613069,0
5055581613052,0
5055581613045,0
5055581613038,0
5055581613021,0
5055581613007,0
5055581612994,0
5055581612987,0
5055581612970,3
5055581612963,1
IS_22714,7
5055581634675,6
5055581613229,2
5055581613236,4
5055581613243,1
5055581644353,0
5055581644346,3
5055581644339,1
5055581644322,2
5055581644315,1
5055581644308,0
5055581644292,1
5055581644285,2
5055581644278,0
5055581644261,1
5055581644254,5
5055581644247,1
5055581612949,6
5055581612932,11
5055581612956,3
5055581612840,0
5055581612864,3
5055581612888,0
5055581612918,8
5055581612871,3
5055581612901,9
5055581612895,0
5055581612772,0
5055581612727,0
5055581612857,3
5055581612826,7
5055581612789,4
5055581612796,3
5055581612734,2
5055581612741,0
5055581612758,0
5055581612925,0
5055581612802,0
5055581612819,1
5055581612833,0
5055581612765,0
AWFO-03,14
AWFO-04,14
AWFO-07,6
AWFO-14,5
AWFO-18,7
AWFO-19,12
AWFO-20,8
AWFO-32,6
AWFO-29,14
AWFO-24,5
AWFO-30,12
AWFO-33,5
AWFO-35,10
AWFO-34,8
AWFO-37,9
AWFO-39,16
AWFO-42,9
AWFO-44,11
AWFO-46,10
AWFO-47,11
AWFO-49,10
AWFO-53,16
AWFO-54,11
AWFO-58,10
AWFO-59,7
AWFO-61,7
AWFO-64,12
AWFO-66,7
5055581622061,0
5055581626168,1
5055581648078,2
5010792275642,0
5055796563890,0
5055796563913,0
5010792275598,0
5055071626241,1
5055071666919,1
635292986765,0
635292986802,2
5055071701337,1
5055071686955,0
5055071660238,0
5055581626489,3
5055796563906,1
5055581633449,1
5037028257548,10
5037028258804,0
5037028247761,0
5037028258835,10
5037028255629,16
5037028258897,0
5037028258811,0
5037028251218,7
5037028249024,14
5037028256985,6
5037028258798,16
5037028250532,0
5037028250549,0
5037028249000,17
5037028256961,0
5037028251256,0
5037028258880,12
5037028255643,17
5037028232644,1
5037028250525,4
5037028249062,5
5037028234099,0
5037028233627,0
5037028235355,0
5037028235348,0
5037028236864,0
5037028255605,0
5037028233641,0
5037028248010,0
5037028248034,0
5037028249116,0
5037028248041,0
5037028249130,0
5037028249123,0
5037028251164,0
5055071707247,0
5037028259054,13
5037028259061,0
5037028259115,0
5037028259092,0
5037028251775,0
5037028251843,0
5037028257319,0
5037028250822,0
5037028232767,0
5037028259085,0
5037028259108,0
5037028259122,0
5037028259139,13
5037028259160,0
5037028259078,15
5037028257357,0
5037028255544,0
5037028259566,0
5037028259580,0
5037028259542,0
5037028257401,0
5037028251362,0
5037028251461,0
5037028251478,0
5037028251485,0
5037028251539,0
5037028251522,0
5037028251553,0
5037028251546,0
5037028251423,0
5037028251669,0
5037028251683,0
5037028251416,0
5037028251652,0
5037028251621,0
5037028248256,0
5037028250952,0
5037028254073,5
5037028249468,6
5037028257531,0
5037028239667,4
5037028256732,5
5037028250976,0
5037028256725,0
5037028250969,0
5037028253120,3
5037028256701,2
5037028257609,4
5037028257579,1
5037028257623,1
5037028253137,0
5037028257616,2
5037028253106,0
5037028253069,6
5037028256688,1
5037028253083,0
5037028253113,0
5037028253052,0
5037028236406,25
5037028253953,0
5037028253939,0
5037028256657,0
5037028253960,0
5037028256640,0
5037028248959,0
5037028240786,4
5037028248942,0
5037028242964,1
SOAP,0
5037028253403,3
5037028239612,0
5037028243077,2
5037028248904,0
5037028253458,1
5037028257654,0
5037028240779,0
5037028253410,0
5037028238073,3
5037028238851,0
5037028238349,3
5037028234822,5
5037028248317,4
5037028238998,6
5037028259702,0
SOY CANDLE,0
BATH CREAMER,0
5037028249178,3
5037028234754,1
5037028239575,6
5037028249185,4
5037028243626,6
5037028239032,6
5037028259696,5
5037028239568,9
5037028247037,0
5037028251119,1
5037028246146,7
5037028240427,0
5037028246108,0
5037028236260,6
5037028236307,7
5037028236277,6
5037028236314,3
5037028252642,0
5037028252659,0
5037028249239,0
5037028249918,0
5037028253304,0
5037028247631,15
5037028246801,13
5037028236178,16
5037028249727,18
5037028258996,15
5037028258385,0
5037028258392,23
5037028258934,19
5037028258965,0
5037028255490,12
5037028236093,30
5037028258903,17
5037028255476,13
5037028253366,0
5037028258415,27
5037028239544,0
5037028235522,0
5037028235508,0
5037028249482,0
5037028253168,0
5037028234709,4
5037028248263,0
5055581615308,0
5055581615292,0
5055581632503,0
LEAF OIL BURNER,0
DISCOUNT,0
5055581641161,2
5055581632473,0
555581630967,0
5055581630950,0
5055581630981,1
5055581630974,0
5055581651160,0
5055581639007,0
INCENSE TRAY,0
CREAMER,0
LITTLE HOTTIES BOX,0
LITTE HOTTIES BOX,0
INCENSE GIFT SET,0
5037028247709,0
BHUDDA OIL BURNER,0
5055071661570,1
MOON BURNER,0
5055581614905,3
5055581614912,1
WAX MELT,0
CARD BOX,0
ELEPHANT GIFT SET,0
CANDLE GIFT SET,0
5017224588295,0
WALL PLAQYE,0
GIFT WRAP,0
CHERUB & MOON BURNER,0
5055581629367,0
LAURA FAUX ROSE,0
LAURA FLOWER BASKET,0
LAURA BROMLIA £15,0
GIFT SET,0
5055581638482,1
5055581639403,0
5055581639441,3
5055581622030,1
NS79HSL,2
INCENSE GIFT PACK,0
5037028258828,9
5037028258842,7
5037028258859,11
5037028235690,0
5037028249055,0
5037028247846,0
5037028258866,12
5037028238660,8
5037028257005,13
5037028232576,9
5037028235638,2
5037028249086,0
5037028240458,0
5037028255599,0
5037028251201,0
5037028251171,0
5037028259146,14
5037028251010,26
5037028249680,0
5037028258439,0
5037028257593,1
5037028256671,0
5037028253946,0
5037028253434,0
5037028240793,4
5037028249215,7
5037028259733,7
5037028239001,8
5037028234808,1
5037028248232,0
5017224601871,1
5010792279886,0
5010792277592,3
5010792271958,0
5055071653773,0
5055071653483,0
5055071625282,0
5055071653858,0
5055071670091,0
5055071653391,1
4044984019555,0
5055581610013,1
5055581610037,0
5055796516605,0
5055071690532,0
5055071696145,1
5055581642168,0
5055581639359,0
5055581640768,0
5055581600892,0
5055581613625,0
5055581634590,0
BSHSL,2
PCUSBL,0
PNUSBL,0
CUBEHSL,0
5055581621361,0
NS912HSL,3
NS46HSL,4
SWINDON CARD,0
SOY TART,0
5055581642274,2
5055581642281,3
WPMPRLUFNDBL,0
WPMPRLUFNMBL,0
WPMPRLUFNWAB,0
WPMPRLUFNPBL,0
WPMPRSIFNEGR,0
WPMPRSIFNYAB,0
WPMPRSIFNWAB,0
WPMPRSBFNCFG,0
WPMPRSBFNCFS,0
WPMPRNSFNTRB,0
WPMPRNSFNTSW,0
5037028248188,25
5037028249253,8
5037028239865,9
5037028248171,13
5037028249246,6
5037028258453,0
5037028239339,10
5037028257500,2
5055581635313,0
PBUSBL,0
PUZZLE BOX,0
BLACK BUDDHA,0
ITEM,0
5037028238226,0
5037028238219,0
5037028235621,0
POSTAGE,0
INCENSE SET,0
MAJESTIC SQUIRE PEN,0
5037028248164,3
5037028249260,14
5037028247662,18
5037028235980,0
5037028236000,1
5037028236253,3
5037028236284,3
5037028236291,7
5037028240724,12
LAURA SALE POTS,0
ALOE VERA LAURA,0
LAURA POTTED PLANT,0
POTTED ORCHID (ABOL),0
LEMON SOAP HALF PIE,0
ABOL ALOE VERA,0
2 X CACTI,0
5037028243213,0
5037028248935,3
5037028242773,1
5037028238769,1
5037028257012,11
5037028244517,0
COLONIAL BOX,0
5055581639434,4
IH_45678B,0
5055581644094,0
5055581644087,0
5055581655694,0
5055581655700,0
5055581656059,0
5055581639458,1
5055581639328,0
5055581636242,0
5055581646524,0
5055581624713,0
5055581624690,12
5055581624744,5
5055581624737,0
5055581624720,0
5055581624706,0
5055581629251,0
5055581629213,0
5055581629206,0
5055581629220,0
5055581629299,0
5055581629312,0
5055581629374,0
5055581629282,0
5055581639069,0
5055581629275,0
5055581629343,0
5055581629176,0
5055581629046,0
5055581629190,0
5055581629091,0
5055581629183,0
5055581629145,0
5010792279879,0
5055071681646,0
5010792274751,2
5055071621789,0
5024418725602,0
5055071681523,0
5024418839224,2
5024418725640,0
5025572310987,0
5010792283104,2
5055071710315,1
5055071710308,1
5055071681615,0
5055071681622,0
5055581637928,0
5037028233047,0
5037028238608,7
5037028234945,0
5037028256633,0
5037028253427,0
5037028248997,0
5037028242698,0
OIL BURNER DISH X 2,0
5037028236017,0
5037028248973,4
5037028259030,0
5055581628346,0
5055581622405,0
5055581622399,0
5055581609123,0
5037028238202,0
AWFO-17,9
AWFO-01,5
5055796506330,0
5060060126381,0
5037028252918,28
5037028239551,7
5055341839135,0
5055341839128,0
5055341832402,1
5055341808155,6
5055341841640,5
5055341841626,5
5055341849370,2
5055341849387,0
5055341849264,2
5055341849257,1
5055341807882,5
5055341807905,4
5055341830910,1
5055341830903,0
5055341851830,0
5055341851816,3
5055341851823,2
5055341842388,0
5055341842371,2
5055341842364,5
5055341807950,2
5055341847680,0
5055341847710,0
5055341847697,2
5055341847628,0
5055341847604,0
5055341847659,0
5055341847536,1
5055341851786,1
5055341851793,0
5055341851779,0
5055341842753,0
5037028234495,17
5037028251294,0
5037028240144,0
5037028257395,0
5037028252956,0
5050175940095,0
5050175940118,1
5050175722509,1
7681995980046,2
5050175715440,0
5050175715471,0
5050175715464,0
5050175735844,0
643006011443,9
643006011429,6
643006011436,17
643006011320,1
643006011450,0
643006011337,6
643006001314,21
5055581661879,0
5055341848342,118
5055341849059,9
5055341849042,3
5055341810127,1
5055341803730,2
5055581638031,1
5055581637973,0
MEDIUM METAL JUG,0
5055341850604,2
5037028243466,0
5037028243442,0
5055341848496,61
5055341830927,1
5055341849431,4
5055341849424,32
5055341849448,27
5055341849349,1
5055341849356,0
5055341849363,0
5055341851977,0
5055341851960,0
5055341851953,1
5055341836530,0
5055341823226,0
5055341850581,1
5055581639021,0
5055581643844,0
5055581657674,0
8904245400958,0
5055341848601,3
5055071671173,1
5055071610974,1
5055071665288,0
5055071671159,2
5055071626234,3
5055071701382,1
5037028243480,0
5037028247938,0
5055167464115,0
5055167464139,0
5055071681561,0
BULB,0
5050028008590,0
5055341848762,2
5055341850123,1
5055341847611,0
5055341847666,3
5055341847598,1
5055341823257,0
5055341851946,2
5055341851915,0
5037028235942,4
5037028259689,0
OO_57514,0
5037028250518,0
5037028256992,0
5037028249048,0
5037028251300,0
5037028255612,6
GRAANULES,0
OBBB-01,6
5017224493292,2
5050175980046,0
ISH-130,1
LOVE PLAQUE,0
FLOWERS DEPOSIT,0
5055341847635,1
5055341850246,5
5055341850222,1
5055341850239,1
5055341850253,1
5055341850208,1
5055341850215,1
FLOWER BUNDLE,1
5055341801200,1
5055341848748,1
5055341821130,2
5055581602636,0
16705,1
13895,0
5055581639076,0
5055581672585,2
5055581644155,5
5055341851458,5
5055341851465,15
5055341851472,6
5055341820928,0
5055341851496,3
5055341851489,0
5055341822144,1
5055341807547,2
5055341803754,0
716165157151,0
716165151944,0
716165151982,0
716165156895,0
716165152002,0
716165151968,0
716165152064,0
716165152026,0
716165151906,0
716165151845,0
MA6196,0
MA6195,0
LUCIDA TWIST ORANGE ACRYLIC,0
5037028245477,17
PEN DISPLAY CASE,0
5037028234525,13
5037028248447,22
FU-638-HO,0
FU-638,0
DE-27-S,1
DE-27-M,0
DE-42-TIG,2
ELEGIFTSET,0
HEAGIFTSET,1
FU-419-PL,0
RIPS BOX,0
REPLACEMENT OIL DISH,0
LEAD,0
5037028256954,11
5037028255636,0
5037028259504,0
CARD TEST,0
JASMINE OIL,0
5055341849066,0
5055341850543,1
5055341847765,1
5055341847772,3
5055341847758,3
5055341847741,3
5037028247495,5
5037028249949,2
5055341835960,0
10 X BALLOTIN BOX,0
5055341835953,1
5055341835977,3
5055341830521,4
5055341830514,1
5055341830507,5
5055341830545,1
5055341830552,2
5055341808179,8
5055341849240,0
850666,0
KITCHEN SIGNS,0
5037028239100,2
5037028234914,19
5037028251331,0
5037028260074,0
CREDIT NOTE,0
5055581601240,0
5055581634552,0
5055581650989,0
5055581655670,0
5055581651825,0
5055581655663,0
5055581661817,0
ROSE & CREAMER,0
5037028260760,8
5037028260777,2
5037028260784,9
5037028259917,12
5037028251232,13
5037028259955,9
5037028259962,0
5037028259900,13
5037028259986,0
5037028260258,0
5037028259931,0
5037028243473,0
5037028243602,0
5037028235829,1
5037028260791,0
5037028244272,8
5037028260197,0
ROSE STEM,0
CARD CHECK,0
SAME DAY DELIVERY,0
5037028260982,16
5037028260968,0
5037028259948,0
5037028259894,0
INCENSE CONES,0
ANNE STOKES SHOT GLASS,0
5037028241066,0
5037028248058,0
5037028246306,0
5055341822052,23
5055341851847,20
5055341847871,2
5055341802931,2
5055341821109,0
5055341821093,7
5055341847888,2
5055341821888,4
5055341854428,3
5055341854442,5
5055341854411,1
5055341854435,2
5055341820737,1
5055341831689,0
5055341811148,3
5055341854114,10
5055341801651,30
5037028234730,1
PROMO MALLOW,0
5055796541133,0
5055796506422,6
643006011351,1
8906022930535,5
890602293043,2
5060060131750,2
5055796534500,0
5055796511785,1
5055796534548,1
AWFO-85,12
USBBLLPNK,0
USBPYRPNK,0
USBCUBPNK,0
SALT LAMP CABLE,0
5030064019477,0
5060266290053,10
8800160052848,5
5055341803686,8
5055341803679,8
5055341803617,6
5055341807806,11
5037954835322,3
5060266292095,2
5055341807639,15
5051211029897,8
5037028260067,23
8800160054088,2
5050175726996,0
5050175940149,3
5050175940064,1
5050175940101,0
5050175940163,0
5050175745386,0
5050175745393,0
5050175745409,0
5050175745416,0
5050175746031,1
5017224586581,2
5010792272313,0
5010792287126,0
5055071644757,4
5055071707568,0
5055071707506,0
5055071707537,0
5055071707544,0
5055071707551,1
5055071710452,0
5055071710469,0
5055071654428,2
5055071654411,9
5055071626258,0
5055071671210,0
5055071671111,1
5037028259870,0
5037028259863,0
5037028259665,0
5037028259887,0
5037028254042,1
5037028261064,0
5055071682759,0
CA400,0
CA999,0
CAS333,0
5037028260418,0
5037028257180,0
5028691381265,5
CHARCOAL,0
5055581628094,0
5055581615063,0
5055581605811,0
5055581615056,0
5055581605774,0
5055581605828,0
5055581617739,0
5055581615049,0
5055581617760,0
5055581615018,0
5055581617777,0
5055581615087,0
5055581627677,0
5055581605798,0
5055581628759,0
5055581624867,0
5055581625666,0
DRAGON BACKFLOW BURNER DEPOSIT,0
TEST CHARGE,0
5028691381289,14
AWFO-38,11
8901810001619,18
5028691371327,3
5028691381302,12
5028691381272,11
5028691371334,15
5028691371266,40
5028691371341,14
5028691371297,6
5028691371310,9
5028691381258,14
5055071707513,0
5037028240175,0
5037028233863,0
5037028253717,0
5037028260241,0
5037028254066,0
5037028254059,0
5037028253342,0
5037028260227,0
5037028260159,0
5037028260180,0
5037028252895,0
5037028257265,0
5037028240281,0
5037028260166,0
5037028252871,0
BOX,0
5055581635580,0
5037028257432,0
5037028255070,0
5037028257449,0
5037028257043,0
5037028251317,0
5037028259979,0
5037028251270,0
5037028249017,0
5037028257029,0
5037028257036,0
5037028257067,0
5037028257050,0
5037028251348,0
5037028259993,0
5037028260036,0
CARD CHARGE,0
5037028249963,0
5037028260272,0
5037028260296,0
5037028260289,0
5037028257555,0
5055341803785,0
5055341847161,2
5055341851809,15
5055341848519,2
5055341807974,0
5055341851762,0
5055341851755,6
5055341847840,2
5055341848212,0
5055341848229,0
5055341839036,2
5055341839029,1
5055341839012,8
5055341839043,8
PARACORD BRACELET,0
DRAGON FLOW,0
TAX FIX,0
26714684,0
5037028260043,0
5037028260012,0
5037028232712,0
5037028249093,0
5037028251287,0
5037028249031,0
5037028241493,3
5037028248003,0
5037028234501,17
5037028257227,0
5037028260128,0
5037028260135,0
5037028260142,0
8904245400484,23
8908005960850,2
643006011412,2
643006011344,2
8908005960805,4
SWHSL,2
5037028234693,0
5037028253175,0
5037028249475,0
5037028257524,0
5055071712005,0
5037028253182,0
DSHSL,1
CRPOTCUSTOM,0
5055071641848,0
5055071707179,0
5055071671197,0
5055071710445,0
5055071715679,1
5055071701863,0
5055071713958,3
5055071715655,0
5055071707575,1
5055071713965,1
5055071715648,0
5055071666957,2
5055071707100,1
5055071681691,0
5055071694134,6
5055071701368,0
AWFO-10,11
AWFO-56,14
AWFO-06,6
AWFO-55,13
AWFO-50,10
AWFO-21,7
AWFO-78,3
5055796573974,0
5055796573981,0
5028691371365,16
5055796534494,1
5037028250945,14
5037028260388,0
5037028260395,0
5037028259801,0
5037028257517,0
5055341851632,0
5037028239292,2
5055341831931,0
5055341847123,5
5055341820812,0
5055341851410,1
5037028253144,0
5037028257289,0
DE-37-TIG,1
BLUE BROWN OIL BURNER,0
5037028260401,2
5055071712074,0
5055581613014,0
5037028234969,0
5050175704482,0
72088,0
5050175720505,0
5050175720475,0
5050175720550,0
72086,0
5050175723377,1
5050175723346,0
5050175735776,0
5050175735738,2
5050175723353,1
5050175726408,0
5050175715594,0
5050175715587,0
5055071529023,0
5055071688935,0
5028691381159,3
5028691381180,13
5028691381142,23
5028691381135,9
5028691381166,11
5028691381173,14
BUDDHA FOUNTAIN DEPOSIT,0
8904245400477,7
30CAL,0
PYRAMID SALT LAMP DEPOSIT,0
5028691381524,11
SMALL TIN,0
5037028250815,12
5037028260302,0
5037028260326,0
BACKFLOW BURNER FINAL PAYMENT,0
BUDDHA FOUNTAIN FINAL PAYMENT,0
TEST CARD,0
5037028261132,1
5028691371419,8
5028691371211,37
5028691371075,9
5028691378326,5
8908005960393,4
5055071716294,0
WEB DELIVERY CHARGE,0
5055581642175,0
5055581642182,0
5055581673919,0
5055581673902,0
5055071716300,0
5055071716287,0
5037028256978,13
5037028234761,0
CYLHSL,1
SANTABABY,0
PYRAMID SALT LAMP FINAL PAYMENT,0
5037028251614,0
5037028251393,0
5037028259047,0
5037028240298,0
5037028260104,19
5037028250501,0
5055341835304,2
5055341849974,1
5055341849967,0
5055341849998,0
5055341848984,1
5055341812169,0
5055341831818,0
5055341856453,2
5055341851373,0
5055071627309,0
5055071530050,0
5055071626227,2
5055071633690,0
8908005960355,17
8908005960430,16
8908005960331,5
8908005960416,2
5028691381616,8
5028691381692,10
5028691381746,2
5028691381753,9
5028691381715,7
5028691381739,0
5028691381623,23
8908005960270,4
8908005960089,0
5055581659166,0
5055581659159,0
8904234400037,26
5055581610020,0
5055581609994,0
5055581620784,0
8906022930870,9
5060060126374,0
5037028260890,5
5037028255049,0
5037028260340,2
5037028239926,0
CREM POT,0
TI,0
SAM XMAS DEPOSIT AGAINST 71,0
5037028233757,0
5037028232422,2
5037028243190,1
£10 GIFT CARD,0
5037028243619,4
5037028238820,0
5037028260692,1
5037028238035,0
5037028241974,1
5037028257647,1
5037028260005,0
5037028258873,0
5055071701856,5
5055071711961,8
5037028256572,0
5037028259153,0
5028691383122,5
5028691381227,8
5028691383146,6
5028691381050,0
5028691381098,25
5028691381081,8
5028691381043,16
5028691381036,12
5028691381029,12
5028691381104,17
5028691381418,20
5028691381074,8
5028691381128,16
5028691381210,15
5028691383115,9
5028691381012,18
5028691381197,13
555581630950,0
5055581643806,0
5055071707162,0
5055071707155,8
5037028240120,0
5037028251324,0
5037028250556,0
5037028245446,0
5037028241349,0
5037028251225,0
SAM FINAL PAYMENT - XMAS,0
ELEGANT LUCIDA TWIST SWIRL,0
SALE,0
5037028260364,0
5037028257494,0
5037028243633,24
5037028256619,0
5037028250846,0
5037028249642,0
CA3030,0
CA2020,1
CA1100,0
C8996,1
5037028260111,21
5037028256534,0
5037028260081,0
5037028261286,13
5037028261262,0
5037028261279,0
5037028261309,17
5037028261248,0
5037028261316,20
5037028261255,0
5037028261224,14
5055071707148,0
5055071707131,0
5055071718199,1
5055071718229,0
5055071658310,2
5055581623273,0
5055581637935,2
5055581668465,2
5055581615759,2
5055581626212,0
5055581664825,0
5028691388356,8
5028691388332,5
5028691388370,15
5028691388387,0
5028691388349,0
5028691388363,2
5028691385157,17
5028691385126,0
5028691385119,13
5028691385133,5
5028691385140,1
5028691385164,18
5028691381517,12
5028691381531,12
5028691381548,15
5028691381500,14
5028691381555,24
505507107988,4
720861,1
720862,1
50501757233461,0
50501757233462,0
50501757233463,0
720841,0
720842,1
50501757264081,1
50501757264082,1
50501757264083,0
50501757233531,1
50501757233532,1
50501757233533,1
50555816511601,1
50555816511602,1
50555816511603,1
50501757233771,1
50501757233772,1
50501757233773,1
5028691371358,24
5055071707988,0
CAM2-998,0
5037028261231,9
5055341842395,0
5055341848397,4
5055341848410,0
5055341848403,0
5055581604210,0
5055581635573,1
5055581622429,1
UNATTENDED CHILDREN SIGN,0
KAITY-LOU BOOK TABLE DEPOSIT 20/95,0
5055341848281,35
5055341831801,1
5055341856408,2
5055341856422,1
KAITY-LOU BOOK TABLE DEPOSIT 40/95,0
SHIPPING CHARGE,0
DIAMOND RED ROSE,0
AWFO-28,6
AWFO-27,14
AWFO-25,13
AWFO-36,7
AWFO-16,5
AWFO-08,8
AWFO-65,9
AWFO-79,1
AWFO-57,7
AWFO-48,12
AWFO-22,4
5028691381203,0
5055796563449,0
FOHC-10,8
KAITY-LOU BOOK TABLE DEPOSIT 60/85,0
NS1215HSL,1
NS1520HSL,1
HSHSL,3
SFBHSL,0
5055071697494,0
5055796500147,0
5055071696206,3
5055071717925,0
5055071717918,0
5055071707940,0
OIL BURNER REPLACEMENT TRES LUXE,0
103,8
8904234400402,0
8904234400860,9
153,2
523,3
553,3
DELIVERY CHARGE,0
REPLACEMENT DISH,0
KAITY-LOU FINAL PAYMENT £25,0
5037028249192,2
5037028253243,21
5037028248430,41
5037028262313,14
5037028251003,26
5037028260999,19
RETURN PURPLE SMOKEBOX,0
PURPLE SMOKING TOADSTOOL RETURN,0
5055341847642,0
5055341840162,1
5055341851007,0
5055341851014,1
5060266290114,3
TDHSL,1
TUSLI POISON INCENSE STICKS,0
5037028262207,5
5037028262221,0
5037028261323,0
5037028260203,25
5037028261392,0
5037028261422,0
5037028260333,2
TULASI POISON INCENSE,0
5037028233740,3
5037028261514,0
5037028262177,0
72637,0
5050175704307,6
5050175735714,0
71540,0
5050175726422,1
8908005960775,2
8908005960836,1
8908005960799,0
8908005960812,2
8904245400941,0
5028691381364,15
5028691381234,11
5028691381425,10
5028691381067,23
5055071619564,0
5055071654350,1
5055071712104,0
5055071665257,0
8904234401386,2
5028691381920,0
5028691371884,0
5028691371877,2
5028691371808,0
5028691381777,2
5028691371815,0
5028691371853,17
5028691381821,13
5028691371839,16
5028691371860,3
5028691381678,3
5028691381654,11
5028691381647,13
5028691381722,10
5028691381708,21
5028691381630,4
5028691381661,11
PYGMY BULB,0
5055071671135,1
8906022930573,2
8906022930290,8
8906022930511,3
5037028248409,10
5055341831634,1
5055341831627,1
5055341831900,0
5055341831665,0
5055341807967,0
5055341860337,3
5055341860320,1
5055341823073,1
5055341823127,0
5037028261200,7
5037028261293,0
5037028248324,5
5037028259603,4
5037028259627,2
5037028252116,0
5037028260234,9
5037028261620,3
£15 GIFT VOUCHER,0
GIFT BOX REDEEM,0
5037028239223,20
859911005068,0
875484007223,0
814630020686,0
859911005167,0
875484009005,0
8146300202118,0
859911005266,3
8146300208158,0
875484007032,0
8146300214784,4
8146300215088,8
8146300214616,0
5052460135803,1
5052460135773,3
5052460102546,0
5060457523120,0
5060457523069,1
5060457520778,0
5052460135810,0
5060457520822,0
5052460080547,0
5037028261217,30
5037028260814,0
5055341861402,0
5055341861396,0
5055341861389,0
5055341861372,0
5055341861365,0
5055341861341,0
5055341861358,1
5055341861334,1
5055341861327,0
5055341861310,0
5055341861303,0
5055341861297,0
5055341801125,9
WOODEN NESTING ELEPHANT MIDDLE,0
8904234402550,11
8904234402635,9
8904234402451,1
8904234402659,6
8904234402673,10
890602293005,3
8904234402499,1
8904234402475,0
PEBBLE,0
5055796527137,0
INCORRECT SALE REFUND,0
8146300213312,2
8146300215392,2
8146300213244,8
8146300212322,0
8146300212636,0
8146300214166,9
8146300213008,0
875484008145,0
859911005761,2
859911005617,1
814630024806,0
814630024776,8
854400003440,3
854400003228,2
814630020709,0
5052460153616,5
5052460168238,15
5052460168474,3
5052460153791,18
5055341851748,30
8146300211882,1
8146300214852,5
8146300213480,1
8146300214234,0
875484004475,1
8146300207236,0
8146300206796,0
814630022949,3
814630024783,0
814630022475,5
814630022543,2
814630022499,2
814630022468,3
814630020068,0
8146300208912,0
KINDNESS,0
CORRECTION,0
5055071699702,0
5055071706288,0
5055071706264,0
5055071706271,1
5055071706295,0
5028691381326,18
5028691383139,17
£10 GIFT VOUCHER,0
5055341820966,1
5055341831641,3
5055341831948,0
5055341831924,0
5055341831894,0
5055341831658,0
5055341847970,0
5055341836820,0
5055341862287,0
715402,0
5055071668906,0
5055071669163,0
5055071642623,0
5055071706318,0
5055071706325,0
8146300213862,6
8146300214548,0
8146300212872,2
8146300212704,6
8146300214098,3
8146300212940,0
8146300212018,3
8146300211950,4
8599110057230,0
814630022550,0
8146300220174,0
5052460168566,1
5052460153647,1
814630022802,0
814630024707,0
875484004635,0
859911005006,0
875484004925,0
818489019617,2
814630024677,0
814630022840,3
818489018986,1
814630025148,0
814630020167,2
818489013370,0
875484006721,0
8184890190200,0
5052460168504,2
5052460136213,1
5052460168207,5
5052460168573,4
5052460168214,5
5052460168535,14
5052460153852,1
5052460168351,15
5052460153555,44
5052460155269,1
5052460155276,8
5037028261354,0
1,1
5055796586530,0
5055796586509,0
5055796586516,0
5055796586523,0
5055341822106,1
GALVANISED BUCKET,1
5037028262214,4
ELEHSL,0
818489018948,2
814630022925,1
859911005204,1
8146300221300,0
8146300219802,0
8146300220624,0
5060457520143,0
5060457520020,0
5060457523151,1
5060457520044,1
5060457523168,1
5060457520167,1
5060457523144,6
5060457520136,26
5060457520013,16
5060457523175,1
5060457520051,1
5060457520174,2
5037028262115,8
5037028262061,0
5037028261545,3
5037028260838,0
5055341836868,2
5055341836882,1
5055341801149,10
5055341803778,3
5055341817096,0
5055071659058,2
5055071715075,0
5055071718236,3
5055071707117,4
PAYPAL ADJUSTMENT FROM 130417 - REF 9608,0
5037028255667,0
5037028234952,7
814630020723,0
818489019037,0
814630020747,0
814630020754,0
814630020891,0
8754840089610,0
8146300220556,0
5052460168818,4
5060457521423,2
5052460168788,2
5060457521393,3
5052460168771,28
5052460153944,3
5052460153920,2
5060457522994,2
5060457523052,0
5060457520846,0
5060457522161,0
5060457522185,0
5052460168801,2
SUB,0
5055280605211,0
5037028247969,0
5037028261378,0
5052460153951,3
5060457521133,2
5055071721984,1
5055071721991,1
5055071719370,1
5055071719387,0
5055071719349,0
5055071719356,0
5055071719394,1
5055071716256,0
5060457521386,13
5037028255650,0
5037028262290,14
5060457521416,2
8754840067212,0
818489013011,1
859911005013,2
875484007452,1
875484002952,1
8146300220242,2
8599110057308,3
8599110057476,3
8146300220488,0
875484008893,0
814630024752,5
875484008978,0
859911005211,0
8599110057094,0
8146300220938,4
8146300221164,3
8146300221232,1
8146300220860,0
8146300220792,2
814630023885,0
814630023953,0
814630023892,0
814630023854,0
5060457521478,0
5060457521447,14
5060457521454,3
5060457521485,0
5052460168665,2
5052460153982,1
5052460135728,0
5010792290843,0
5010792402147,0
5024418126867,0
5017224587779,0
5037028257586,0
5037028261538,2
5037028248355,0
5037028248348,2
AWFO-40,6
AWFO-51,6
AWFO-63,8
AWFO-77,7
GYPSO,0
5037028262238,4
5037028235966,4
8904245401023,0
MYSTERY BOX,0
5037028241035,0
5037028241165,0
HELI,0
5037028255216,5
5037028236086,0
5060457520792,0
5037028233733,0
5037028249956,4
5037028249161,0
5037028259641,0
5037028250655,0
8599110056554,0
814630025124,0
8146300208776,0
875484004413,0
814630024660,2
854400003259,0
854400003273,1
8146300213930,1
814630021669,0
814630021805,0
814630021874,2
814630021898,8
814630021706,8
5052460168740,4
5060457521850,4
5060457521829,1
5060457521812,18
5060457521867,4
5052460168757,3
5052460168696,0
5052460168658,16
ABC,0
FBC,0
STBB,0
CCBB,0
BSBB,0
GIFT VOUCHER,0
CBC,0
BC,0
XBB,0
LBB,0
RMS,0
5055071710988,0
5010792290911,5
5055581661626,0
5055581681969,0
5055071706844,0
5010792402949,6
635131590924,0
635131590917,0
635131590900,0
635131590948,0
635131590931,0
5055581672936,0
5055071722479,0
5055071722875,0
5055071722844,1
5055071722851,0
5055071719820,0
5055071718724,1
5055071715662,2
5055071688805,0
5055071718748,0
5055071718755,2
5055071722141,0
5055071714191,3
5055071714184,8
5055581647125,0
5055581661602,0
5055581647101,0
5055581669097,0
5055581669158,0
814630020808,0
5037028253991,0
5037028250709,0
5037028250716,0
5037028253984,0
5037028236192,15
5037028250723,0
LITTLE HOTTIES,0
5055341803549,0
5055341831788,0
5055341862560,0
5055341831672,0
5055341820775,0
5055341851434,0
5055581660773,0
5055581655939,0
5055581669103,0
5055581654994,0
8904234400129,1
5055581669110,0
5055581669127,0
5055581669165,0
5055581682195,0
5055581682188,0
5055581683758,0
5055581662364,0
5055581662388,0
CREM POT CUSTOM,0
AWFO-09,15
8908005960003,0
8904245400682,0
8904245400323,2
8904245400262,1
8904245400187,2
8904245400200,16
8904245400415,0
8904245400989,11
BTEST,3
5037028253328,2
5055581645558,0
5055581662852,0
5055581662845,0
5055071719806,0
5055071719837,0
5055071724176,0
5055071720703,0
5055071719684,0
5055071704406,18
5055071714115,6
5055071715877,5
5055071722981,12
5055071722998,12
5055071723605,0
5055071723643,14
5037028241844,0
5037028247952,0
5055071722592,0
5055071719790,0
5055071722530,0
5055071722899,8
GRAVE SPIKE,0
8184890189488,0
814630021928,3
814630021812,0
8146300213558,10
814630023915,0
5052460153258,17
5052460135780,0
FLOWERS,0
5055341848540,0
5055341848557,1
5055341851427,2
5055341831771,0
5055341856385,2
5055341856392,0
5055341849004,0
5037028263051,9
5037028263075,0
5037028263082,12
5037028263129,15
5037028263068,0
5037028263112,7
5037028263105,0
5037028263044,0
5037028246764,0
5037028263099,7
5037028261590,4
5055581622436,0
MEDIUMM JUG,0
5037028263181,0
5037028263266,0
5037028263310,19
5037028261521,5
5037028262252,1
5055071723612,5
5055071529016,1
5055071642517,6
5055071529047,4
5055071642548,0
5055071642524,3
5055071642555,3
5055071642562,0
5028691388318,0
5028691388295,7
5028691388271,1
5028691388264,2
5028691388240,0
5028691388226,2
5028691388257,5
5028691388288,1
5028691388219,3
5028691388233,0
5028691388301,2
5037028263297,7
5037028263273,0
LUCKY DIP BOX,0
814630025575,8
818489013394,0
814630025568,8
814630025551,5
814630025452,3
814630025407,4
814630025483,4
814630022314,0
814630024653,5
814630024547,0
814630025681,2
814630024608,6
814630024431,4
814630024622,3
814630024516,1
814630024585,3
814630026022,5
814630025650,3
814630025933,8
814630024424,3
814630024509,1
SALTEA,22
MBOX10,0
LEATHER EFFECT COLONIAL BOX,0
875484004932,0
875484004390,1
814630025766,0
814630021683,0
814630021775,11
814630021881,0
814630025728,0
814630021676,8
814630021713,6
814630021959,0
814630021652,0
814630025735,0
814630021690,5
814630021751,0
814630021850,4
5037028242780,17
5037028239476,12
5037028249710,22
5037028233399,9
5037028234235,14
5037028253670,16
5037028244333,13
5037028234587,20
5037028239483,12
DOLPHIN SALT LAMP DEPOSIT,0
5055796527144,0
5055796571031,0
5055796571024,0
5055796571017,0
5055796571055,0
5055796571062,0
5055796571048,0
5037028262078,2
5037028262054,15
5037028255513,12
5037028239537,12
FISH,0
5055341801187,1
5055341862423,5
8904234400242,10
5055581687749,0
5055581686995,0
5055581636297,0
5037028262634,4
5037028262610,2
5037028262689,5
5037028260883,6
5037028261026,12
5037028235584,25
MBOX5,0
5037028262641,2
5037028260876,9
5037028260869,5
5037028260906,5
5028691381296,6
875484007551,0
814630025261,0
814630026008,0
814630023878,0
814630023847,0
814630023946,0
5055796500314,0
DAISY,0
5055071704451,4
5055071723018,2
5028691380039,2
5028691380244,5
5028691380220,7
5028691380213,5
5028691380022,6
5028691380053,6
5028691380770,8
5028691380756,8
5028691380268,9
5028691380251,4
5037028262092,1
5037028262764,5
5037028260319,0
5037028247600,13
5037028233573,13
5037028258408,15
5037028234365,13
5037028262306,11
5037028235577,12
5037028248423,24
5037028261033,13
5037028263198,0
5037028246474,0
5037028263235,0
5037028263228,0
5037028263211,0
5037028263242,0
BLBB01,0
BLE01,0
BLE05,1
BLP02,2
BLP05,0
BLP06,1
BLRA01,1
FBR02,0
FE01,0
FE02,1
FE05,0
FP02,0
FP03,0
FP21,0
FP24,0
FRA01,0
MBB01,0
MBR03,0
ME10,1
ME12,0
ME15,1
ME20,0
ME21,2
MP08,2
MP47,0
MP49,0
MP50,0
MP51,0
MP57,0
MP58,0
MRA01,2
PBN01,0
PE01,1
PE09,1
PP01,0
PP18,0
PP21,0
PRA01,2
RE04,0
RP04,0
RP05,4
TBR01,0
TBR08,0
TC01,0
TC08,0
5037028261125,1
PSHSL,3
ASHSL,0
SALBOWL,3
5037028233382,13
5037028249697,16
5037028263167,0
5037028263174,0
5037028263204,0
5037028232590,0
5037028262627,0
LPG-JAPMAP,1
BLP09,1
RE01,0
PP08,0
FP29,1
814630021782,15
814630021744,10
818489011109,0
814630020143,0
8184890199142,0
814630022956,0
8754840069674,5
875484004581,0
875484007759,6
8146300201050,3
814630020136,3
814630025131,5
814630020211,4
875484006974,9
818489013400,2
814630025582,4
814630025421,9
814630022888,3
814630022895,0
814630020129,0
814630020839,0
814630024837,0
814630024813,2
814630025162,3
875484007162,3
8754840077730,0
5037028263358,20
MYSTERY,0
5037028262771,0
5037028262658,4
5037028262788,0
5037028260357,0
5055796573400,0
5055796573417,0
8904245400125,16
8906022930498,10
5055796516667,0
5055796516650,2
5055796516643,0
1KG HIM SALT,0
5060457525322,2
5060457525353,1
5060457525339,3
5060457525292,2
5060457525216,8
5060457525285,5
5060457525254,12
5060457525247,4
5060457525278,8
5060457525223,10
5060457525186,13
5060457525209,10
5060457525230,6
5060457525193,12
5060457525261,9
5060457525179,17
PP12,0
PE04,1
LPG-ACORN,0
FP30,1
5037028263808,3
5037028263815,1
5037028263839,1
5037028263853,2
5037028263846,1
5028691381333,1
5028691381340,7
5028691381357,14
5028691381401,6
5028691385195,7
5028691385188,5
5028691385249,11
5028691381432,9
5028691385218,3
5028691371846,12
5028691381791,18
5028691381807,14
5028691381784,22
5055071726040,1
5055071726033,1
5055071726071,2
5055071726019,0
5055071726026,0
5037028263303,0
5037028263365,20
5037028263259,0
5037028263341,0
5037028263327,0
5037028263280,0
5037028263457,0
5037028263419,0
5037028263426,0
5037028263402,0
5037028263440,0
5037028263396,0
5037028263433,0
5037028263389,0
5037028263372,0
5037028263334,0
5037028249109,0
5037028263730,0
5037028239209,13
5037028239445,14
5037028239490,13
5037028253274,14
5037028234334,11
3X LED BOTTLE DEPOSIT,0
DOLPH,0
5055341865677,0
5055341865653,3
5055341865660,1
5055341865639,2
5055341865622,6
5055341865646,5
5055341865684,0
5055341865615,4
5055341835915,4
5055341828870,6
5055341816587,1
814630025360,0
814630025322,0
814630023809,0
814630025353,0
875484004437,0
814630023830,0
818489018412,0
814630023823,0
875484008251,0
814630025339,0
818489019631,0
814630024820,6
814630025612,0
814630020150,0
5060457524516,1
5060457523014,1
5060457521980,10
5060457521997,0
5060457521973,3
BLE03,0
PE02,1
PRPAW,0
HRA01,1
RRA01,0
RE02,1
PRP08,0
CRA01,0
CE01,1
BLE04,0
DEP01,1
DEY01,0
HE03,0
PRE02,1
PRE01,1
PE07,1
FE03,0
REO3,1
MPM,3
FP26,2
CBC01,1
CP05,0
CP01,0
PRP02,1
PRP06,1
BLP10,1
RP03,0
FPAW,1
PRP10,0
BLP08,1
DPP02,0
DPY02,0
CP02,1
RP02,4
HE05,1
HP05,0
PP17,0
RP09,0
HE01,0
TEST1,0
TEST2,0
TEST,0
5028691381319,6
CAT,0
5055071726101,0
HEARTSAL,0
814630025384,3
814630025773,0
814630021614,6
5060457525346,0
5037028262665,0
5037028263136,0
EXCHANGE,0
5024418127888,0
5010792412078,0
5010792412061,0
5010792412238,0
5055581672943,0
5055581661909,0
5055581646548,0
5055581685219,0
5055581688517,0
5055581685202,0
5055581687046,0
RE03,1
5037028260265,0
5037028260029,0
5037028249451,0
5055796506378,0
5055796541140,1
5055796506316,1
5055796544851,2
5055796544844,0
5055796573011,0
5028691371945,4
5028691381913,8
5028691381760,0
5028691381937,10
5060129100055,3
5028691381890,4
5028691371907,5
5028691385171,1
5028691385201,22
5028691385232,11
AWFO-52,10
AWFO-41,10
AWFO-43,10
5028691371594,2
5028691371495,0
REED,50
5055071651083,1
5055071719813,0
814630021638,20
814630021560,18
814630021799,0
814630021768,12
814630021829,5
814630021843,0
814630021720,14
814630021737,1
814630021911,3
814630021621,4
814630021577,10
814630021607,13
814630021836,0
814630021645,0
814630025759,0
814630021584,0
814630021904,14
814630025742,0
814630020228,4
854400003105,0
814630022819,0
859911005846,0
814630025605,0
814630025315,0
5060457522239,2
5052460169013,4
5060457523045,1
5060457522154,0
5060457520709,0
5052460167774,11
5052460167835,8
5060457520716,1
5060457522178,1
FRAG OIL,0
SOAP SLICE,0
POSTAGE CHARGE,0
ME13,0
LPG-ASPEN,1
MP23,0
MP18,0
5060457525308,0
5060457525315,0
5060457525360,0
5037028262108,3
5037028262085,5
8908005960065,9
8904234400884,8
5055071530012,0
5055071529948,0
5055071530043,0
5055071710001,0
UNICORN TRIMKET BOX,0
DEW01,1
DPW02,0
PRP01,0
BLE02,0
SALBALL,0
5055341861686,0
FP05,0
5037028261415,0
5037028250785,17
5037028257302,0
5037028262696,0
HP09,0
5055071665202,0
5055071689468,13
5028691380725,18
5055071707995,0
5055071725944,0
5055071725951,0
5055071719332,1
5055071725999,2
£10 VOUCHER,0
5 X GRABULES,0
5037028251249,0
5037028246320,0
PP07,0
EXCHANGE (DIFFERENCE PAID),0
REFILL,0
MP01,1
5028691381685,3
5028691381883,16
5055071721427,5
5055071706400,11
5055071706417,10
5055071706370,0
5055071721410,14
5055071706363,2
5055071721380,6
5055071706394,12
VOTIVE,0
5037028263785,0
5037028264133,11
5037028264041,0
5037028264140,22
5037028264072,0
5037028264096,8
5037028264058,11
5037028264089,17
5037028264126,0
5037028264119,0
5037028264102,5
5037028264065,15
5037028264799,7
HS LAMP CABLE,0
HSL CABLE,0
POSTAGE X2,0
5055581638123,0
5055796506309,0
5055796573004,1
8904234400662,2
846853037264,0
846853045061,0
846853050973,1
846853052625,2
846853044385,0
846853045375,0
846853051505,1
846853052229,0
846853045412,8
846853052656,5
846853052250,14
846853045832,5
846853044422,6
846853045108,17
846853048611,0
846853028385,12
846853051536,8
846853034621,10
846853049052,11
846853051222,3
846853049014,2
846853051192,1
846853037448,0
846853045795,0
LPG-FERN,1
LPG-CANMAP,0
PP16,0
5037028264751,0
5037028264744,0
5037028265017,2
5037028264997,0
REFUND £1,0
JAN BOMB 50,0
JAN HAMPER,0
5037028264171,0
5037028265055,3
5037028265048,1
5037028265024,3
8754840089788,0
814630027074,6
814630027111,3
814630027067,0
3D DIFFUSER,0
ART GLASS,5
859911005235,0
875484008824,5
814630027128,0
814630027081,4
814630027104,2
875484008862,2
818489018993,2
814630027098,1
814630020877,5
5055071727436,1
5055071642531,1
8904234400181,6
846853058054,0
846853058184,0
846853057910,0
846853057842,2
859911005860,1
814630025599,0
846853058092,0
846853057897,0
846853057835,2
8754840088934,0
5028691385225,3
5055796575428,6
5055796548378,3
5055796548385,5
5055796516315,10
5055796516322,10
5055796563104,1
5055796563098,2
5055796563111,1
5060060112636,3
5060060112698,2
5060060112599,1
5060060112629,2
VOLC FOOT,1
MP02 ROSE PENDANT,0
MP02,1
HBR01,0
MP59,0
MP36,0
PP09,1
FP11,1
FP07,1
BLBR01,1
RBR01,0
PBR01,1
MP07,0
PP13,1
MBR05,0
FBR01,1
GIFT VOUCHER £10,0
SM SUCC,0
LRG SUCC,4
5055341837216,0
5055341850567,0
5055341802962,1
500G HIM SALT,3
5055796548316,0
5055796548330,0
5033271028300,1
5033271031171,0
5033271028287,3
5033271028393,2
5033271028270,3
5033271028294,2
5033271028508,0
5033271028539,3
5033271028522,5
5033271028515,1
5033271031188,2
5033271025736,0
5033271005981,8
5033271017847,0
5033271014686,1
5033271010312,3
5033271015393,0
5033271025323,0
5033271015423,0
5033271010619,0
5033271010602,0
5033271027136,7
5033271029345,3
5033271015522,6
5033271026269,1
5033271015508,0
5033271022186,2
5033271026481,3
5033271029338,0
5033271015010,3
5033271015003,2
5033271016970,0
5033271015102,3
5033271015058,1
5033271027167,1
5033271016994,4
5033271024883,1
5033271015126,0
5033271022155,1
5033271017823,0
5033271014761,1
5033271016925,6
5033271016901,1
5033271014730,0
5033271020359,1
5060457525636,0
5060457525643,0
5060457525629,0
5060457524448,0
5033271030969,2
5033271028348,3
5033271030358,0
5033271030372,3
5033271031201,2
5033271024852,0
5033271031195,4
5033271030389,0
5033271030402,1
5033271027990,0
5033271025330,0
5033271030129,0
5033271024609,0
5033271027921,1
5033271027938,0
5037028264232,21
5037028264164,3
5037028264195,0
5037028263143,10
5037028263150,14
5037028263709,10
5037028264973,3
5055796527823,3
TUBPGJ,1
5055796527878,3
CFBPGJ,1
TDBPGJ,0
5055796527830,2
SHBPGJ,1
SILVER CHAIN,0
5055071706424,9
5055071706448,14
5055071706431,8
5055071706356,0
5055071668845,0
5028691371563,0
5028691371570,2
5028691371464,0
5028691371457,8
5028691371587,0
5028691371471,2
5028691371488,10
5055796527915,7
5037028262580,15
5037028262603,8
5037028262542,18
5037028262481,10
5037028262504,9
5033271028577,1
5033271030990,0
5033271020373,0
5033271026153,1
5033271030426,0
5033271030341,0
5033271030433,0
5055071703164,3
5060457523007,0
5060457522970,4
SIM GRAN X6,0
256OZ,0
SPOT SOAP,4
MEOW SOAP,1
SPLASH SOAP,4
5037028265000,3
846853049106,0
846853050829,2
846853043791,2
846853037202,1
846853039329,0
846853049144,8
846853015910,12
846853015644,13
846853039367,11
846853043838,7
846853041025,6
846853037165,0
GIFT CARD TEST,0
5037028264201,0
5037028264188,17
BLP07,0
FP14,2
LPG-OAK,2
FE07,1
FP32,0
FP33,0
FP34,0
FP35,0
FP36,0
GP03,1
HP11,0
HP12,0
APPLE BOX,0
846853059457,0
846853059617,4
5060457523281,0
5060457523342,0
5060457522604,1
FIZZY HORN,0
FIZZY CAKE,0
BATH EGG,0
5055341873016,0
5055341872996,0
5055341851717,10
5055341873023,0
5055341872972,0
5055341850635,0
5055341837193,0
5028691381968,15
5028691381951,8
5028691381982,3
5028691381975,13
5028691381449,3
5060060112605,1
5055796563142,1
APPLE SPONGE,4
MELON SPONGE,0
5055796506323,0
5055796506361,0
8904245400163,3
5055796527885,2
5055796527854,0
5055796527908,3
5055796527892,6
REFUND,0
5037028264225,0
REFUND 2 X BB,0
FPM01,0
5055071706387,4
5055071706332,0
5028691382668,1
8904234401539,9
5028691382675,13
5028691382651,7
5055071710018,0
5055796591633,0
5055796591671,0
5055796591657,2
5037028264775,4
5037028264782,3
875484004833,4
5060457523373,7
5060457523366,0
5060457523359,1
5060457523335,0
5060457523304,2
BIRTH BALL,30
MED STAND,7
TRIP STAND,0
REED STICKS,0
8904234402598,1
8904234402512,5
8904234402611,9
8904234402536,8
CP07,1
5028691382637,5
5055071642609,3
8CM HEART,14
LARGE MIXED ROSE BUSH,0
PRICE CORRECTION,0
5037028238844,1
5037028247976,0
MONEY POT STD,2
MONEY POT DEL,2
SP01,1
SP02,0
SE02,1
SE03,1
SRA01,1
MPI-K,0
814630024769,4
5033271015140,0
5033271020212,0
5033271015638,0
5033271014259,11
5033271014242,10
5033271023244,0
5033271023237,0
5033271023213,0
5037028262412,23
5037028262474,6
5037028256718,0
CREDIT,0
5055341861662,0
5055341861709,0
5055341832020,3
5055341847932,11
MANGO BOX,0
ELEPHANT BOX,0
OVERCHARGE,0
DPY01,1
DPP01,1
DPW01,0
HP10,0
HP08,0
HP07,0
HP06,0
HP04,0
HP02,0
HP01,0
HE04,0
SE01,1
BLP04,0
BLP03,0
MP68,0
FP13,0
HP15,1
PP28,1
HEART STAND,4
INCENSE HOLDER,0
5060457523397,3
5037028265383,12
5037028265390,0
5037028265406,0
5037028265345,16
5037028265338,4
5037028265413,6
5037028265369,9
5037028265352,16
5037028264652,0
SPR/ATT BALL 10,16
GLASS BIRD/BUTT,11
6 PRONG SM,2
5055071722905,10
FRIEND BALL 10,8
12CM HEART,18
5037028264720,5
5037028264690,3
FAULTY DIFFUSER EXCHANGE,0
LARGE HEART,0
5033271009026,5
5033271028478,4
5033271028249,2
5033271017649,3
5033271025552,7
PACKAGING,0
5037028264669,1
5037028265970,0
5060060112674,0
5060060112667,3
5060060112742,2
5060060112759,0
814630028118,4
814630027517,8
814630027548,0
814630028156,1
G-RP05,0
KIYA BOX PAYMENT,0
PEN,0
15CM SPR BALL,9
LRG STAND,15
5037028265567,10
5037028262573,29
5037028264683,2
KIYA FINAL PAYMENT,0
5033271014327,1
5033271009033,4
5033271014143,0
5033271009019,2
5033271017434,6
5037028261569,0
5060457527333,2
5060457527319,0
5060457526916,0
846853059181,7
846853052571,8
5037028266069,12
ISH-181,0
CANOE,0
5055796570102,0
5055796570119,0
FLOAT CAND,16
5028691381845,14
5028691381814,6
SWAP STAND,0
5037028265536,0
5037028265512,0
MULTI STAND,1
649906719496,2
649906719465,1
649906719472,1
649906719458,2
G-MP08,1
PP24,2
TC12,0
TC11,0
TC10,0
TC09,0
TC05,0
TC06,0
TC07,0
TC04,0
TC03,0
TC02,0
TBR07,0
TBR10,0
TBR12,0
TBR05,0
TBR04,0
TBR03,0
SV CHOKER,7
SV BRACELET,14
5028691381111,16
5037028265628,25
5033271010510,0
5033271028256,3
5033271028324,3
5033271028362,0
5037028265505,0
5037028265437,0
5037028266908,0
5037028265499,0
5037028266922,0
5037028260807,2
PRICE CORRECTION NEW HOME BALL,0
5037028265468,0
5037028265420,0
5033271020410,0
5033271020366,2
5033271018578,2
5033271020403,0
5033271027945,1
5033271025538,6
5033271017892,1
5037028266915,2
5037028265598,0
5037028265604,0
5037028265611,0
5037028265826,0
5037028265802,0
5037028265819,1
5037028265864,0
5037028266045,1
5037028266021,0
5037028265857,0
5037028266038,0
5037028265475,0
TILLEY PONCHO,17
SILK SCARF,12
GEORGIA PASHMINA,19
DRA01,1
PP14,0
PP27,0
PP10,0
PPP01,2
PE10,0
BLP15,1
MP75,0
RP07,1
DEW03,1
DPW03,1
RE07,1
FE09,0
FP12,0
FPP01,1
FP27,1
G-BLP05,1
G-BLE05,1
G-FP24,1
PP20,1
5055071735547,9
5055071709999,2
5028691382613,0
5028691382842,0
5028691382835,3
5028691382811,12
8904245400309,1
WEB POSTAGE,0
CHAIN EXTEND,2
LRG ELE DISC,4
WOOD ASHCATCHER,0
8906002456338,9
8906002455478,7
8906002456123,9
8906002457571,4
8906002456512,10
8906002456925,0
8906002455430,4
8906002456314,4
5037028265581,17
5037028265543,34
5037028265994,2
5037028265987,1
5055341841657,8
5055341870893,9
5055341847949,29
ME26,1
MP65,1
MP67,1
ME25,0
BLPP01,1
CE02,1
CP08,2
846853056418,7
846853056531,11
846853056692,9
846853056517,7
846853056500,11
846853056456,10
846853056524,10
846853056579,6
846853056401,6
846853056425,8
814630027531,0
814630028071,4
RBC01,0
TEAK BOWL,0
784682990810,2
784682990841,2
784682990834,0
5060457527326,2
5060457523427,2
5060457523632,2
5060457523496,0
5060457523564,1
5060457523915,3
5060457523847,4
5060457523700,3
5060457523779,4
5033271009392,3
5033271030297,1
5033271030280,0
5033271513363,3
5033271515749,0
5033271518047,3
5033271515879,3
5033271515442,1
5033271009422,1
5033271014853,0
5033271020571,0
5033271020557,1
5033271020588,1
5033271027075,0
5033271030273,0
5033271009002,0
5033271017670,0
5033271024234,0
5033271024258,3
5033271024241,1
5033271027914,0
PRE05,0
G-FRA01,0
PP22,0
G-FE01,1
G-FE05,1
£15 VOUCHER,0
5037028265840,0
5037028266052,0
784682990858,0
784682990872,1
784682990865,4
784682990827,2
784682990803,1
5033271028553,0
SALE CORRECTION,0
5033271025545,4
5033271025590,1
5033271002591,2
5033271002508,1
5033271029284,0
5033271016949,1
5033271022360,0
5033271009040,0
5033271010503,0
5033271025316,0
PE12,1
ME28,0
G-RE04,1
G-ME21,0
G-MP49,1
PRP04,0
DPP03,2
BULK VOTIVE SALE,0
784682990780,3
784682990797,2
784682990766,0
784682990773,2
5037028265789,2
4046203442274,0
4046203442304,8
4046203442359,3
4046203442205,2
4046203615548,6
5010792433967,2
5010792433943,0
5010792430447,3
5017224755741,4
5010792433950,1
5010792428765,1
SALTEA2,3
SALTEA3,4
SALTEARND,2
SALTEAHRT,2
WNS23HSL,1
WNS46HSL,0
5060457524868,0
5060457526121,3
5060457526138,0
5060457526008,2
CCL,1
FBCAT,0
FB01,1
FB04,0
SALBOWLUSB,8
5033271022353,0
5033271020656,0
4046203440089,7
4046203440256,8
4046203450125,9
4046203440010,12
4046203448443,7
4046203440362,4
4046203442311,10
4046203442342,2
4046203403923,8
4046203442366,0
4046203442335,4
4046203442496,5
4046203442489,2
4046203442380,5
PILLAR CANDLES BULK,0
2X SPINNING LED STANDS,0
5033271016871,9
SOAP STONE BOX,0
5010792423296,0
5017224654594,0
5055581694143,1
5055581694136,1
4046203615517,4
4046203450101,6
4046203441611,3
4046203441048,1
CUBHSL,0
HAMPER,0
8904245400026,2
8904245401450,0
8904245400040,2
8904245401375,0
8904245400149,5
8904245401436,5
5055796588701,6
5055796588688,0
5055796588695,7
5033271015614,0
5033271010558,0
5033271031133,0
5033271014204,2
5033271020892,2
5033271017854,1
5037028265376,11
4046203441796,0
4046203441482,1
£10 REFUND,0
DISH,0
5037028262436,10
5037028262450,20
5037028252994,23
MBR02,1
814630027906,3
5060457527234,1
5060457527296,2
PP23,1
ME07,0
PP26,0
PRE04,0
PP06,1
PP19,1
ME01,0
MPP01,1
MP48,0
MP46,0
ME14,1
MP44,0
ADAPTOR,0
JAPANESE MAPLE,0
FRAGRANCE LAMP REFUND,0
INCENSE CONE HOLDER,0
5055196594814,3
5033271025606,2
REFUND GIFT SET,0
SHADE REPLACEMENT,0
STND POSTAGE,0
4046203450637,5
5055788231547,4
4046203441703,0
4046203441628,0
4046203441208,1
4046203441246,1
4046203441802,0
4046203441789,0
4046203441680,0
5037028262443,10
5037028262429,11
5037028262467,18
5033271026276,4
5033271025521,4
5033271029383,3
5033271016314,1
5033271010299,3
5033271018608,3
5033271010572,0
5037028268056,18
5037028268001,9
5037028267875,17
5037028267998,14
5037028268186,6
5037028267950,10
5037028268278,8
5037028268179,8
5037028268452,5
5037028268100,12
5037028268445,12
5037028268117,10
5037028268230,11
5037028268223,10
5037028268124,15
5037028267905,13
5037028268049,4
5037028267912,10
5037028267974,9
5037028268216,10
5037028268094,12
5037028267899,9
5037028267882,10
5037028268087,6
5037028268148,9
5037028268063,16
5037028267936,7
5037028268070,10
5037028268421,11
5037028268254,20
5037028268209,16
5037028267851,10
5037028268407,19
5037028268032,6
5037028268261,10
5037028268490,15
5037028262245,4
5037028247730,2
5037028250778,4
5037028235867,6
5037028249208,3
5037028239049,6
5037028235935,5
5037028268865,24
5037028268896,28
5037028268940,22
5037028268933,27
5037028268926,36
5037028235836,4
5037028259610,2
5037028262269,2
5055796591749,0
5055796597710,0
5055796597727,2
5055796597734,3
5055796597697,2
5055796597703,4
5055796597680,2
5060060112681,3
CABLE,0
8904245401009,1
846853052731,12
5037028268711,10
5037028268704,11
5037028268728,9
5037028268537,5
5037028268513,5
5037028268506,9
5033271030648,6
5033271030655,7
5033271030662,9
5033271022469,0
5033271028317,3
5033271029369,6
5033271025514,5
5033271027143,0
5033271024845,2
5033271024630,5
5055581694952,0
5055581694969,2
5055581694594,1
5055581694921,2
5055581694938,4
5055581694976,1
5055581694945,0
8906051434554,5
8906051434622,3
8906051434653,8
8906051434639,10
5037028262597,8
5037028268803,5
5037028268872,20
INCENSE CONE BOX,0
5037028268797,8
5037028268810,6
5037028268902,29
5037028268889,47
5037028268919,21
G-MBR03,1
5055071736605,0
5055071736612,0
5055071640810,1
5055071689444,4
5055071651885,5
5055796505050,5
5055796505029,3
5055796505036,6
8904245401559,10
5055796594207,3
5055796594214,3
5055796594122,1
5055796594153,10
5055796594115,17
5055796594245,30
5055581656639,0
5055581656622,0
5055581694532,6
5055581694549,4
5055581694570,4
5055581694556,4
5055581694563,3
5033271015225,0
5033271024593,0
5033271005493,4
5037028262559,16
5037028262566,5
LARGE FLOWER STEM,0
SUCCULENT,0
MBOX4,0
TG SCARF 18,7
G-FP03,0
G-PP01,1
G-MP47,1
OIL BURNER,0
5037028268698,0
5037028268759,8
5037028268735,10
DEP03,1
5060457528361,16
5060457528347,7
5060457528354,23
5060457528378,13
5060457528323,12
5060457528330,8
814630028651,0
8146300282,3
814630028842,3
814630028910,3
814630028958,1
4046203615562,4
4046203442373,8
USB FIREBOWL,0
5037028260715,3
5037028262528,16
5037028262535,4
OIIL BURNER,0
CACTUS CLOCK,0
5037028268780,20
4046203441475,0
4046203441505,1
4046203441598,0
5033271027976,3
5033271005516,5
COLOUR BULB,0
814630028682,1
814630028705,1
814630028743,7
5060457527968,2
5060457527920,2
5060457528316,2
5060457527944,3
5060457527937,1
5060457527784,0
5060457527814,4
5052460251770,0
5052460251763,0
5052460253552,2
5052460253538,0
5052460251718,1
5052460251688,2
5052460251619,15
5052460253569,0
5052460251626,6
8906051434578,4
8906051434585,5
DE4CADENCE,0
FIREBOWL,0
TRIPLE TEA LIGHT,0
5037028268742,19
5037028269084,7
5037028269060,12
5037028269107,10
5037028269114,5
5037028269121,9
5055071736629,0
5055071725722,5
WHITE ROSES,0
5060457527906,12
814630028859,3
5060457525605,3
5060457525476,3
5037028268773,11
5037028268766,24
5052460251299,0
5052460251305,0
5052460251312,0
5052460251329,0
5052460251336,0
5052460253231,0
G-BLP10,1
G-PE01,1
G-PP18,1
5055341841664,5
5055341864595,8
5055341848502,36
DB BACKFLOW CONES,0
8906051434592,4
REFUND BACKFLOW BURNER,0
BUDHA ASH TOWER,0
ASH CATCHER,0
5055071668869,7
5055071668876,0
BACKFLOW CONES,0
8906051434561,1
FLOWER BUNCH,0
ROUND ASH CATCHER,0
5037028262498,2
5037028262511,10
NS12HSL,0
8906051434646,5
8906051434608,6
5055581655687,0
STANDARD POSTAGE,0
5055796570126,5
5055796594528,0
5055796594559,2
5055796594542,1
5055796505043,5
4046203442403,1
4046203442397,1
4046203509229,8
4046203504125,2
4046203509199,8
4046203501131,5
4046203610147,1
4046203509120,1
5037028266694,3
5055071738623,4
5055071738593,4
5055071671203,4
5055071738517,7
5055071716485,16
RETURN MALLOW,0
HEART SALT LAQP,0
5037028269077,5
5037028269091,4
793591009179,5
NIGHT LIGHT,0
793591009162,4
DISC SUCCULENT,0
SM DISC SIGN,0
DISC TIN SIGN,0
TA8BULSP,6
TA8BULSW,6
TA8CLLSP,6
TA8CLLSW,6
TA8KOLSG,6
TA8STLSB,6
TA8STLSP,6
TA8STLSY,6
TA9TRLSA,6
TA9TRLSS,6
TA8UNLSP,6
TA8UNLSW,6
5055366439273,3
5055366422671,3
5055366439303,3
5055366438979,3
5055366438924,3
5055366434087,3
5055366439266,3
5055366438931,3
5055366438948,3
5055366439280,3
5055366431802,3
5055366439006,2
5055366438917,3
5055366438955,2
5055366439297,3
5055366438962,3
5055366438993,3
5055366438986,3
5055366439228,3
5055366422541,3
5055366439242,3
5055366439105,3
5055366439068,3
5055366431758,3
5055366439259,3
5055366439075,3
5055366439204,3
5055366439082,2
5055366426297,0
5055366439051,3
5055366439099,3
5055366439211,3
5055366439235,3
5055366439112,3
5055366439396,3
5055366422381,4
5055366439181,3
5055366439136,4
5055366431703,3
5055366439143,3
5055366439310,3
5055366439150,2
5055366439167,3
5055366439327,3
5055366439174,3
5055366439198,3
RBB01,0
PBB01,0
HBB01,0
FBB01,0
HP14,1
HE07,1
DEW04,1
5060084530119,7
5060084530058,4
5060084530102,4
5060084530065,9
5060084530140,4
5060084530072,8
5060084530133,8
5060084530096,4
5060084530034,9
5060084530126,4
5060084530089,5
5060084530041,4
5060084534926,2
5060084534964,2
5060084534858,2
5060084534841,2
5060084534896,4
5060084534834,2
5060084534827,2
5060084534933,0
5060084534988,3
5060084534940,2
5060084534919,2
5060084534957,3
5060084539068,4
5060084536340,4
5060084539235,1
5060084535664,0
5060084539297,4
5060084535718,4
5060084539167,3
5060084539013,2
5060084538351,4
5060084539198,3
5060084535510,3
5060084539044,4
5060084539242,1
5060084539051,3
5060084535589,1
5060084536289,2
5060084539099,2
5060084538870,2
5060084538399,3
5060084536364,3
5060084536326,1
5060084536333,2
5060084536388,2
5060084536272,3
5052460193414,0
5052460193421,2
5052460193445,0
5060084537385,6
5060084537354,3
5060084535046,5
5052460205452,3
5060084537392,3
5060084537330,5
5060084532588,1
5060084537361,4
5060084537347,4
5060084535411,5
505246005452,2
5060084535428,5
5060084535053,4
5060084532571,2
5060084537583,5
5060084538115,2
5060084538108,2
5060084538092,5
5060084535459,4
5060084535435,3
5060084535442,4
5052460205056,1
5052460205469,4
5052460207210,0
5052460215147,0
5052460215383,2
5052460214485,2
5052460214492,2
5052460214508,0
5052460214515,2
5052460220240,2
5052460220257,4
5052460227508,0
5052460231482,0
5052460231536,0
5052460231574,7
5052460252012,4
5052460252036,3
5052460253415,1
5052460253422,3
5052460254238,0
5052460254245,3
5052460257161,3
5052460257178,4
5052460257185,4
5052460257192,4
5052460257208,2
DUCK MALLOW,0
JELLY BEANS GC,0
SPLISH SPLASH GC,0
814630028811,8
814630029047,5
NANDITA X 5,0
814630028828,8
814630028163,6
814630028736,6
NANDITA PLAN 9,0
5037028264676,15
5037028250563,13
5037028261439,20
5037028265550,18
5037028235881,18
5037028265574,20
5037028264768,3
5037028265031,4
5037028265062,3
5037028264980,2
5037028268957,9
5037028268988,4
5037028268971,3
5037028268964,2
FRIEND BALL 8,17
5060457527890,6
814630028934,3
814630028972,2
814630025391,3
814630028866,2
814630029030,3
814630028835,2
859911005839,3
875484007247,3
PUPPY LOVE SOAP,0
MARTINIQUE SCARF,6
MIRANDA SCARF,6
5037028240946,12
5037028240908,11
5037028249420,14
5037028253236,14
5037028240953,8
5037028257784,16
5037028250648,14
5037028240939,7
5037028253212,9
5037028262825,6
5037028262801,3
5037028262818,3
RETURN BIRDFEEDER,0
GLOWING GLASS,0
4046203509441,8
4046203509335,5
4046203503074,5
4046203503050,3
4046203509175,6
INCENSE BOX,0
2 NAG FOREST,0
5055071642586,3
5055071642616,0
5028691381241,6
5028691371303,6
5028691371280,6
5028691371785,12
5028691371259,6
5028691371426,6
5028691371433,6
5028691371440,6
SV BEAD BRACELET,4
5055796535385,2
5055796535392,5
5055796558964,2
2 X NEW MOON INCENSE,0
FRUIT PLANET,0
646437874977,7
650327447455,9
650327447431,5
650327448681,1
650327448407,10
8906002456109,2
8906002457229,12
8906002456499,12
8906002457496,12
8906002456352,6
8904234402413,12
8906002457243,9
8906002457205,10
8906002457182,11
8906002455454,11
8906002457168,12
8904234400006,12
8902276107617,11
8904234402338,12
8904234402314,10
8901802019004,9
8901802020024,8
8904234402352,12
NAG CHANDAN,0
8906022930160,5
8906022930061,2
CAT MOON CAROUSEL,0
4046203442229,0
STAND,0
5028691381876,12
5028691381852,11
5028691381869,15
SOFT COTTON 250ML,0
5033271015577,3
5033271020182,6
5033271026290,5
5033271030396,6
859110050685,2
5060457528859,4
5060457528866,9
5060457528842,3
814630028750,7
814630028699,6
875484007025,8
5037028266731,2
5037028266717,3
5055796527861,10
5055796527847,9
4046203615524,8
4046203506235,7
4046203506334,6
4046203509342,7
4046203509205,9
814630027425,2
8901802030290,6
5033271031140,0
5033271515749,1
5033271028454,3
5033271512915,3
5060084535619,2
5060084539228,4
5060084535541,3
5060084539259,3
5055581690633,1
5055581690626,2
5052460231499,6
5052460232960,2
5052460255563,4
24039,2
5052460255594,5
5052460232953,1
5052460231420,0
5055796594139,8
5055796506415,3
5055796594184,0
5055796541157,5
5055796594160,13
TRANSACTION EXCHANGE 31274,0
5055071729751,5
5037028266700,3
5037028267844,3
5037028267820,4
SOAP REFUND X 4,0
MINI MELT,0
5060084538375,2
5060084538160,2
5060084535640,3
5055366440477,3
5055366440484,3
SANDLEWOOD AND MANDARIN ESSENTIAL OIL,0
MOODS INCENSE STICKS,0
INCENSE STICK HOLDER,0
JUST CHILL ROLL ON,0
ELEPHANT SALT LAMP,0
MALLOW,0
5060084535503,3
4046203442328,5
5055071738500,6
SV GEMSTONE,11
TRANSACTION CORRECTION,0
EXCHANGE HIM SALT,0
5055796597741,1
5060084538382,2
5060084538191,2
DOME LIGHT,0
814630029023,3
814630028897,3
846853057774,12
846853060415,10
846853057507,12
846853057583,10
REFUND NIGHT LIGHT,0
5060457527821,3
5060457527777,4
4046203450170,5
4046203450217,4
4046203440072,7
4046203600049,6
HIMALAYAN SALT INHALER,0
5060084538368,4
5060084539358,2
VERY BERRY CANDLE,0
FLOATING CANDLES,0
INCENSE TOWER,0
5033271006711,6
5033271000733,4
5033271000740,6
5033271511604,1
5033271029376,1
5033271022773,2
5033271027174,2
5033271015218,0
5060084538344,3
5060084539204,3
SUPERHIT,0
5028691382774,12
5055071729744,6
5055071729775,6
5055071738548,6
5055071746482,4
5055071746499,6
5055071738531,5
5060084538474,3
5060084539532,3
5060084539488,1
5052460253248,12
5052460251381,1
5052460251282,6
810009191889,6
EMOTIONS INCENSE,0
8904245400927,11
5060084538085,3
5060084538184,3
5060084530959,0
5060084538320,1
WT SM STAND,3
5033271028225,3
5033271028546,3
FRESH LINEN DIFF REFILL,0
5033271028485,2
